sha256,n,n_classes,classes
00806533910d4262cac7a2a84cc020985c3cc6d66d8365422488a0ac078fd82a,2,1,Patterned_surface
0197e0d7dbb52f17af707171797416c52a9dfe24a4b667b54f2714f5cd028e0b,2,1,Nanowires
01e5fcb5474c1b9a39a2a26c523441ef31244bb4c94d107f887807783c91d429,2,1,Patterned_surface
020f7eb6dc25339b3707262f18da83158b48bb587dbcfe782beac31db9540c48,2,1,Nanowires
040e55e9e1b3094a19961d8d5365e4302ce395736665e873632ec7051910cb4f,2,1,Particles
05a616920c20965c63878555ad8254237bcd43e470525829b3eb723e3dbc534d,2,1,Tips
07c5049806df230e4f4309d1fc5d90b6e9b8d171c720dd47a6164432c4572e14,2,1,Particles
0891fa39e54d281475fc5dd79d44e7f30a46f7faafcbe9889de2b4eafd58823a,2,1,Patterned_surface
08bdcf49337faa38bcd536f58cc0424af085324b83b1813acb2f241a81c1643c,2,1,Powder
0a7eb5518a29ff939c6a79f95441148d2fdefc1f0babb97941e4a148cf22b2ce,2,1,Tips
0a990869780f9a68a43a86b123104d55fa9975ce0119563f4f222fc47827ae77,2,1,Particles
0b5ece88a1bb48813ab6448ce1511c666b3f67c055952fb6c9d450f221406a2e,2,1,Powder
0bd11e5f0627c58dad4a1187802ade51b6756fb2d8f3de9d3169bf671d535352,2,1,Particles
0c69913993d682f3dcf9920bfe7d497275f615b85930d3087ae20f748fa8acde,2,1,Nanowires
0dabe88a10e959dd45fa2bebafd174f571c09b18af5af748c168a165c035f89c,2,1,Particles
0e311967c62a1a19a5802c12ecc83c62267536eb662ba3abb1b24f210d626da7,2,1,Powder
0fb26af71c75dd66f77e85f174baad34a61db5293f52c80cf7c978793ea9959c,2,1,Films_Coated_Surface
0fc8a53ccb220bccffb13f896b5f0f64cfaffb739d4d952a3f16a43aed7ad395,2,1,MEMS_devices_and_electrodes
0fe040e7a8c07eec93fb8e4b6d6221812e473c6dd3e1ca5db202aca2d7d15f36,2,1,Tips
0fe79e1e43901ecf9706ed6e2c75ffbb9b1624511bae28d355b907c3bec2cab7,2,1,Tips
104b58afa3aa82db39a64cb7a356a27b9e49095361c3d372104f715d362bb65a,2,1,Particles
11620d84d2799ee6c6851c0d24cc2ceeab236e859e4484e157779818f2a6e66b,2,1,Particles
117b94562b7c0c12385c797d3390d9f91afec92f2cf8b0f96afb10fef4c867c9,2,1,Particles
127afa1176379b9c9d49e1f2504ad81bfe7c97bac53c7f915eb757cd9692e73f,2,1,Nanowires
129c57e577f35ce4da68419c751e6489d27b926d11e23b7e0155aa656d368855,2,1,Films_Coated_Surface
134cd0714102515d8687e05ec523cf0c5b8e821385a2b613cb29fd19542fc9aa,2,1,Particles
135eaa391632f855d4ae119faf80a1f81e3c6ab4c7f9280e3e46e3fca76b31c2,2,1,Patterned_surface
1393955bfe4d1fa2275c356a57a8b463d61e44e473fbfbaa4f7c5fd05955f19b,2,1,Powder
13ad08c4f886e5280d4f2eb857667079ec310d00177ab27e441c0bfe373f30a6,2,1,Patterned_surface
13be8e86a8fb5c3ef1697809bfc07c5de1faef4b95b914e13d62f9d65644a7ed,2,1,Powder
14eec737fd1b4a494a3507a20479f8bd2dc273cdf2431d31fe51c42be8e96bb5,2,1,Nanowires
179a35ced435e095174d5853f4c37a02040031f9eed8573a683f57fe988b6502,2,1,Nanowires
17a885ec03ee2548822ecab57c6e7d6b89ee71e5c2c0313d2d955bcbb50140f6,2,1,Tips
1938d263570506a6085361b54ecf77d82ed6499669ad612b7b0e4fe28e07ac36,2,1,Powder
1ac16d37189185cf3de31f76781803e299d8ef1d7d1b344121481e00b5f332e7,4,1,Nanowires
1b4b6ef0abc939fee148d9480c05bda96e49eca1a307465d7488e1575c54776f,2,1,Tips
1c29d4081a8f6f699ee17f0c8313b8ce46888a8a2ba2f571e5a5cfd686e07682,2,1,Powder
1c57b7773af6f0ec49d86da3332b0509a4c974c326df548fca54da874ce133cd,2,1,Patterned_surface
1d6762bd108165c896fac7045e8cccc0e6d658248855a0b6054efdcdc78fb1d8,2,1,Tips
203bc9bb99309f2a4328e742da2a136b558a520a9c9562bcf80d72c3f9886fd6,2,1,Powder
2055f8a6b5e08d22467d4b97d47c4cfaf6c968e94368f2aa5560759b10b7181d,2,1,Patterned_surface
20b6ec66c9bd93f9a27d49513f11148c22db2e42026615dd1e311e163c2a1492,2,1,Powder
21eef8376718dcbf44e0a3edc0fb78b2d76a69ed540b1c9819e8d9a102c2eaf1,2,1,Patterned_surface
22591cb6dbb0b0340e912259b534f8a56f7cc34d21d0a80d890ffadbfdafe2e9,2,1,Nanowires
22970ac0067d530846bbf57e2e94eb0d3aedc6e9dda10730cf9a761dca78ac77,2,1,Particles
2328c5348e409358e5df069e2886f98bb7d6fcea079eb990f96d3719cb84a541,2,1,Particles
24506908817db625b1bfc1e818d9803df5e0573795820001ef0fd1c24999985f,2,1,Patterned_surface
24d3f16b9b430837327047a5ac4499213c7a9183d4df2242137bfa5250e67bc8,2,1,Particles
2599f0b9bd206c881ebd1e92c325641c3698bf5a8782a058aee92d4ca2043a0c,2,1,Tips
25a4a8a4e1e15bfc1f561afd45bb13532b4c76dc45e860f6e20a8ee8da7853cb,2,1,Patterned_surface
25c70f8cec0007125a51f9e9929c530feec7a0c2ef6bedfdf738d372e5351d1a,2,1,Particles
25cae3da920d94d66e30ffcc3bac4eeb887712bb1c6d41814a048cfde378a2ac,2,1,Powder
25f204e0e22a7bd0a56007ce854859ea812bd4d58fc7b881d853b02573c3b9c0,2,1,Nanowires
2838e81e3c6139af27a4a231356a1149b80936a7c188753ed105b927fcec6f98,2,1,Particles
286c51c7d580260ab24b32d3be3e248c4c0ba6aa4aa349daef6c7521459d77d6,2,1,Particles
298ce5aa2a8a384c574f9762bf273448f018ac18f9f82eeb06e0ea6a4d3d4e2e,2,1,Powder
2bd622522cabd5b08dfb415019377ae582426a645e10aabfd9847cc569d5103c,2,1,Patterned_surface
2d7acd82624f90fcacf815d9110baf5af28c30e7df499574e131fb1715c77544,2,1,Nanowires
2da9af49ab153b4d1576ea7eaa70ab00882c3a1334a39591c670f3bfd1b74a3c,2,1,Patterned_surface
2de868a366cfaa3cbd07d5472f028fdae19526d15c5a8ff98ad1ccafeed370e9,2,1,Patterned_surface
2decd31efb00b0df0612797a620908f765378a4999156debb3146686aaf3cd34,3,1,Nanowires
2e3579a354efe1b833e329bc4be016195e495e28fc23173319e65e87c03a68a5,2,1,Tips
2eeb83d2bfd7512025a9784bf3ef77bf5c29a448a8d9359d8f753d6670b00a14,2,1,Patterned_surface
2f37fb68ef9a9d35c2ab403a67f1ee74dfa6a30e081fd366ca38887edd33fe30,2,1,Particles
2f92b8911969b2c54c5beb8d65674cae43d2c0579a62aafe15f48d1903deba9d,2,1,Particles
2fa16baea0acde03039245e0b9d7c1e6ccf73f1dbfde2b957b46ed366c2bfba1,2,1,Particles
2fc5fbb9c6c73d578280aa0f433ecb34a91d111b6340d27088f367d4ba1ddc7e,2,1,Particles
30392fcf3fb88d3546118f9cc0c38990f246bdc5521dd94c6badbd39b0acc534,2,1,Particles
30838e25f064675438d00493e3de227baafd6505216ef8820b8c238bbc0ebcca,2,1,Tips
30de49178a2cc87a847df8d9cfd2e3be41736dcb47b7d0dd7e68ea296dc69399,2,1,Patterned_surface
3109d8020a74f9abf63cab45c0ec0f691de365174ca432862e06b8545577c01a,2,1,Patterned_surface
320f3a64f0362367f7bd28f9a3c27a2fa69dde488e9428567db024ca875634c6,2,1,Nanowires
32972d57dfaf78866343d4c2e2cc64a5c0eaf551029c33aa77b4cd6738b45985,2,1,Particles
34af9efd873f45e093f98760461f7f70a6b7bf450eb38521a5763fe5d7bf8876,2,1,Patterned_surface
35fb340b839310f17d1c773acd9859d0ff435a8cd3a7dbc16409c5dc22e34d7f,2,1,Nanowires
36788e7def69c6d7a5f767f4891085e6241dd564b11f0497340dba684c89f3a9,2,1,Tips
3944d5447aa1b34c72c4e636ca0423485258e0ec892504e53e5919568de0dd29,2,1,Particles
3961149c78a0eb968c2f97bfa3bcbe3ffe9b13aa9c52fbac21e17c7b3b1d8f5d,2,1,Patterned_surface
398a50146449393ba7e3e4fc0b562af2716b1c320ccbc2063c7d6a3a86b27215,2,1,Patterned_surface
39987763f743b26a216afab1a0efbdb45fd43e805e33da96fe8398ba2546ca9f,2,1,Patterned_surface
39c18bc8e3f9451b10a2c73237e8a97162b1a9167239b3d192f2aedb47c909c5,2,1,Nanowires
3a1e9548c8efcd26d57cc890be010df04da7a9bd3a04e0b03dad19ccecce906b,2,1,Particles
3ae0d46123bbdb525779d1486941f721055db5778ee1b856ec4f1b6b776bcf00,2,1,Nanowires
3cfcc66fd979eb43f44cdbdbbbc22d8bcce533704d986a9e4d508621dafbc0f7,2,1,Powder
3d9cb21eb7fa75aa2c341dfe741dd2de517ef76bb4ae4ad260480b03a3af2422,2,1,Tips
3f495c78d29ceccef8253dd208a13d477a2e02834501975a15ba0bdf9de722ab,2,1,Powder
406e5bc6d756564ad7736a585cb2f238e4d3fda989f6c27b17f2170e747dd57e,2,1,Nanowires
41a20428dd71db75fd93000ea20a471db87cc0a4e9cf32e6ebb2b819e2eb7c36,2,1,Nanowires
425bbf5f4ecc2ee0da9a2e00ee37f3838266a745d2e91ca2aeb334d6ae011d6e,2,1,Patterned_surface
428d3d1886916082e3a8efc47748c2bc3fb2da4db1672c82e7f631ff1a63a82c,2,1,Particles
42eab9fbff8e62d0fc649b8739a0215615871436a0008c1f9d5844ff160df5a8,2,1,Patterned_surface
44af2314406863956eb0e0f5001eb2d3d4f0a0560f86a3a446f9d2998716711d,2,1,Patterned_surface
46f6d38de870d49d48e9a56dcddfafe1f3de37e116bdabebf11819fb2642d910,2,1,Particles
473a69295a73002290ed8f92d733dca74c9e7b2e23a4b50ce900389d2e6167a4,2,1,Tips
478cfd78ed9091d98f81e2c6f50b86204f9d730917892d461259ca3ee2660bb6,2,1,Patterned_surface
4892f953b19109c90ab30ca78ab0f116ddb4414bd24717a7d4b53e385ccfd99d,2,1,Nanowires
4aca51fd37a9431f65a2f1a0c69d3e7a9427d131fb03b57cf02a008b35c74cbc,2,1,Patterned_surface
4af478b73f26361abe24a06f2d6fb9fae39ac292d4e24e24713d3a25f4ae6ad5,2,1,Particles
4db8356e489fa0f2fa1f7b7ce1918b6910ed8062644ba242b338b2376cd018cf,2,1,Particles
4eaa8628a114d841a5c28070b10b8d210fedcaf4d9b15645a76bcb32da27edd2,2,1,Particles
505ce2cd17ab9ff6a806d8e80c65d1fdb3f893474c960b38467a18c0da3556f7,2,1,Nanowires
51926bce99dae28c8d881444a9f7123a52e963e1e4bab8f239d1e1357af5f621,2,1,Tips
5201f3c45c75c31b269ef50431518f303833dc00ad41bb8b83dedebe1272d07c,2,1,Patterned_surface
544a0a764bd74a63f6d1a18ec6d9e9a4eabdec7017b6a776395a83cc5398df96,2,1,Patterned_surface
555c0dc7e60bbeb08ab57e2957d5bfd9e03e0afa5cfc35ebb4b710db529f7a53,2,1,Nanowires
55bfee3fd83f913e15b00c8eab726be433cc620b51050d70f2010661833f2976,2,1,Patterned_surface
5770fc475db2ee09b1174074b7f21032f7d69b12d2b6ebcc7117bcc5b050e408,2,1,Particles
58824748fc689d562fb54949e1fbb0ff2df2e788e19f557f927780f5649c08fd,2,1,Powder
596a0a25daf7676910d2f121fe6dea5902d694e9ff8a9d85d6c07a18d2d83288,2,1,Particles
59f37e492a23639405ee7c89b8e58e9d2137423eb6c257a72a612ce13647dd96,2,1,Nanowires
5aae9a2f0e121df9f861315b282c887dd63959052bafbd37630bab1b864570ff,2,1,Patterned_surface
5bdbd93d534dd27effa30463ab0d85f135eb5642169606f30371a4da41c0bda8,2,1,Patterned_surface
5bdddda610de97f13d91c5f3ca5169e84e4149d02d306b5796e0dee765752aa4,4,1,Tips
5cbb2ac3d3157048baae9cbb51d4673fd02c3c64338701f64a13377998c8c3c3,2,1,Patterned_surface
5d60a90f8514b6934821014858ea71b1b84664ad9fe8f4904d7773a5ac0f96d8,2,1,Particles
5e7ec2f41af2b81fccd781d81140dc046564bf291bb9f51cda0b006912d0d9e2,2,1,Nanowires
5fffb1a53ce39c3d4e8015e59797bb1b06a17517fdc37bee8fe94ab9f4fca97a,2,1,Patterned_surface
60761968e83ea08fae00e142c36e1cac2d59a180a299480e3e8210e6333d95fc,3,1,Patterned_surface
609b6b2eee42d99b41caa76e61c062b079d4e8f475917cbcbbcf1ad04ebc0658,2,1,Patterned_surface
60e829283cd0a3adf9e27217448c0bdf3e061a255d8d9576a4590b13bf63ae36,2,1,Nanowires
611ca064c7f996b94de4d6596fb97539e7d96a2a2c5f9cd7e18e074d6453a481,2,1,Patterned_surface
61ee8ffa38c5ce142211028a9c2221fe12c9f65b8ec4913e6aae0c03bbebb0d3,2,1,Particles
6282420a7f21dde982ed33d575b0c9b712b22f368756abe305c29ab5ffb9c02c,2,1,Patterned_surface
629aec070995db2ee2c6f7811a31dbbe314f7d1545d639c4e97caf16e72d4d9f,2,1,Patterned_surface
62c1f1c3a7e036219ab970530e17cf20700a2b005dcaa96647d5139529e42053,2,1,Porous_Sponge
65723e64bde2d1e7d957aedc925ba7876a5a7a6ad4e83eb5fe6c9f6c086031a3,2,1,Particles
6589b8242ad7d758e1ad014d1bb28e992597da2f42f04c2f52ef886b1b0b32f6,2,1,Patterned_surface
65be57b4e582fc958366827c3f317d48e973bcc720c9d42ad047e6ac9fb056db,2,1,Patterned_surface
6660f84701862252c6d80bc10bbc24cb6e6c01e5ee802637ec649b8280618453,2,1,Nanowires
6674ed316a74e3f9a27ba230e43d26f6ca408a0ce2e742242360ff9b024bce21,2,1,Films_Coated_Surface
66d6c02e3157599dc5aa24a8786959292380502098138784d765942bbecd5e71,2,1,Nanowires
66e496010fc4105b7d4cc11648a7848f05916052bd6d46b5fe4cf8ce4bc917c7,2,1,Particles
6704318b9beae85891213f0fd7a2e695f9476b644b2a82d6712c6347f74d1128,2,1,Patterned_surface
679ebc1f5c75f6e7fca894caeb4670e336c460ffa5cc57da65806f77320db179,2,1,Particles
67dad95624a9c38ee88a43097d7821e98c62e2947a5fc500914ae4187e9e906d,2,1,Powder
67dcf9fa0cde57528f32b1c38aa181ba0acfec26d45691dd291de8acdf6b154f,2,1,Patterned_surface
68802159b435b189ebac44d6b16dc9d84b0a570bcc12a477b0c4c3bd9021e051,2,1,Tips
68dace2162b1b7c7fff934784a25c3eb7a8fff1f858502f6105a67573b93073b,2,1,Nanowires
6955a8be0b28ccfb9f96d8b3e3c6525519f5612b522cad36d2b2760fc9997d6b,2,1,MEMS_devices_and_electrodes
69fc9adbb5d47727ff982d34cc174bcd123fb9c16f25e5b5354238402a72925c,2,1,Particles
6a47e57e70b8a2ec132a485c90b35b1072e6f4aed99bb43cbe77457e321e50df,2,1,Patterned_surface
6a4ee3c753aa469cd84dd031443bb75e47e94bb6d751e91b55f00c089acbf28b,2,1,Patterned_surface
6ae5839b6980c7a88347f426d83f90a507e724d41bf7f159a932705c6cc26ed4,2,1,Nanowires
6aff78dd216882c98e5bfd6dac39f1e3c50f8f585ab0c2336a613fdf6e747021,2,1,Particles
6ba86b62aadce2c1d6dbc5ff253d3e8ffc67888809c0f453a4689eeeb6febaa6,2,1,Tips
6d70b88baf670eb73f93ccba10c0e61c9e81696555525cb0b0f703b5e6bad73e,2,1,Nanowires
6d724218caabd67c2d67e7e4d1bcc0939feda1bb980a929ce6f5bf3b3f0aa0ed,2,1,Powder
6dd9b85358a8501d0e84b986908a31d62f14d97b4edc1d07beb5670524e82396,2,1,Powder
6de68c43ea1ba8401d982abddaed40aa658ddf73381d92ffdb0e338daaeef050,2,1,Patterned_surface
6ece1a25493eb7924c6f6348e1104c7a96e6aa511ad2c4e8010286da529ad073,2,1,Patterned_surface
6f4ee80d21b7e251f9b03cf587411284fa762788f653835e378b537d1cb7fe94,2,1,Tips
6ff8c379e7123c9ea242976298299f64461cb78029d3363e432844adb986bef3,2,1,Particles
715fafab56f7981192b0cbeea323eb03eef467c30f2603ed5fc6e296ae6bbc65,2,1,Patterned_surface
71677bd98469ae43142a4a1b62ae65e4cc3e746043dcb82f03e617c5eafa4c3b,2,1,Patterned_surface
72ee2bc63866b3b3dcb2e2a36a7fcba2aa1ccf24f314d104e05b139b446521f3,2,1,Patterned_surface
76abe7cf158bef0613cff222d6fc266d9644f677a4d589925a065030df6b11c0,2,1,Patterned_surface
76fdc22ae9c5edc18a3fc74271357ea2bc90ff63fe09983c00e149fc98748c0f,2,1,Particles
771439b98fba1f484eb0640062a8b9662a21f48860c6323e7021b2e2e9fb512f,2,1,Particles
789e24d0aac2b81e5d7fab89c19e86389d6f966a6df09f28e184ed9aaead86d2,2,1,Nanowires
79a6eff66125caf375b2e53f90a9efaa62d3fa9b5c5d0db35991bdc24d59b2a5,2,1,Films_Coated_Surface
7a0d47703b399ef3a4448241a2807ddc8b8e549cbed46b4496ca05ebda29ac95,2,1,Patterned_surface
7a4daaf2f32e41deadf4d5c9483fbc1dadfa0520d22bd772fbca4637e4d8a647,2,1,Particles
7a7ae5619a2ebcf6a14c70774933a348c0452e8ded930589f4e67912ab115116,2,1,Nanowires
7b279095d019544e6332017743e3d6bb51152034525c7851f6959e41b7361593,2,1,Patterned_surface
7ba9f988d65af499a0917a16834ad650431acd0bd236378e6f1ea22e3789f320,2,1,Nanowires
7d1b274fa88a14330f3174e5eaf977c852324f12fdc514026711f243740b6774,2,1,Particles
7ed953d3e0c7e402c8f736714bcef9b205511a26ad3da3fcc89ab85c2460301f,2,1,Particles
7f666ae4dd6ba89294e6017be97d890d841d0d688d0fe76497d5b0870b1534dc,3,1,Nanowires
80287550ad58c1353e8c48cd579cb8fe439e305383d2bcba67ccfca4dd966ef0,2,1,Nanowires
80cd84e685bbd51b267bc3ce2fb068e4c339ef6cd26509920eaa53b216b33887,2,1,Patterned_surface
81101fd4d7e132e33a0db77d0bd6f5e1294141ead853a75e3e315e1d8a2ec5e7,2,1,Tips
8247e7777cc14df8c8b39d35cff661abdbccd7fc01d87db59baadb382e0d3bf7,2,1,Nanowires
82dd0d3e9ba32472b64d41d857fb6c5014d7e2b60a66569f60c77ff2b7417f98,3,1,Patterned_surface
84af13b2d6c1336450360dd919c537756129c361fca0f901562467675b27a850,2,1,Particles
8723b3b0af9982048eb8c43306d0b806ba446412c2e4d10cb64aafd38e32ec97,2,1,Patterned_surface
8783be9d42eeb484c843816091c8836a2fa7d788c8c24653e5e227f800b506c8,2,1,Particles
87ceb6f6b19cdd8edbe3dfa9a444a263382ad28a04e54884a80f9fe260757e37,2,1,Nanowires
897bfab9a1828c5feb6685388155d5613400768332d0448aa8b62040bdf17739,2,1,Tips
89834552821d5f41a7d19c46ad2f8a47101d3b7053c6493983cbb5e27063b36d,2,1,Particles
8990d605dccd19d82f9694d0403c80b280babc9014eea0cc524a3bd755cb778f,2,1,Tips
8a2f5cc2601f7f8ec357d9b270fa696b32ae70e65ee2357aa106b436de048426,2,1,Tips
8a66f9fc13a19951fa85f63509d4709ea5067e229f99974242e16f04f8df966c,2,1,Patterned_surface
8b197367d2f4e46330052e7f58ae3168f092923e30a01f38c3f8214493dd9ba8,2,1,Nanowires
8cddefc37a62cb843946a08a97eb267ff5dce45a5f20933a991288a3892ea0c1,2,1,Patterned_surface
8db8e92c5f50d1b3e8c5ee837170e67205909e1e85a6e2d535d95b3de4f31a24,2,1,Patterned_surface
8e3a8569aa513b3e79d3b20fb3d983d2a3a6493011e7eca96db9a0fdc60e4658,2,1,Patterned_surface
8e504f9d3bbb399e6674e1ae097bc9fca2267b3deb91c012fdd75902c5801d33,2,1,Patterned_surface
904629d4803e24687691cca9fb73f9365879de0942e559647238bc5c1b88cfc3,2,1,Nanowires
906c5ce640c7f70b67f5e22214ee625d923a9ce276b99d98a8d2e970a5c7a368,2,1,Powder
910612213100bb9bfef9360229afca9e3e189fadf6027c5625c378d4d9125739,2,1,Patterned_surface
91796d1d7f43d35335d7d40170a40d79aadf85d8d39debbe1e062e3f0da0ac5e,2,1,Nanowires
918e6bc8d90881a01f08ed431151899a6a9e246b1cf81bdaa4decba9ebe1ea27,2,1,Nanowires
9218604d5c02b0c9bae8dd47da62a9560ef7968695c021bca53a4564e555491b,2,1,Nanowires
929f1d1a106aa611006d546c15d2f8580918e1ecb452170702fe2de08ccb8713,2,1,Tips
946e6901458e2bdc7749172ea6cff484be0513b1f0300e9203ba1b2877ed471c,2,1,Tips
94b392267afae19b60dca522f9c861873cfe393335ee24c53338c41323602410,2,1,Patterned_surface
952c2c0d6482402fe1a15ea584e6006523bab98fa2ce1ed8b9b78e72852ea99f,2,1,Particles
9542fdd78212f92e0498b635e9f0b2c19a7af827e7897d37c482fab9aa9c12b3,2,1,Nanowires
96bd53a963fc1422ec3f85debfc7e0998cca43d31f4db5fc6301415d2975edbd,2,1,Patterned_surface
96d0b4e11872ce01ab3f4f166e04045cf73bc67d6052d6ef8f0811a4e6790bf7,2,1,Particles
97cfe61b809a7919b1a97e8db35f9b7f36aae9ee44527ed84e669077737edef1,2,1,Particles
98b9c440a19aeb47152ede105644d0914b792c6c4e2ec0c87c0f4b37b9510347,2,1,Particles
9b2ed544a2c17d2b5527a561ca211c912cb39a0560aedc0c32093e1a4b60f37d,2,1,Patterned_surface
9b2f9e74549b1092c957841ce9f66006885455869c5be7adb08ebe071a510ed1,2,1,Particles
9b6da6ec571f3936880f9d83a1905238a1652bfb445b2447ac352bdad082ff49,2,1,Powder
9c495d26488da9c7a54f8cda81917a033e8c912af9b952148fcaa3c80b56c2e0,2,1,Powder
9d868b156aa56c5d0d5813d12e2cc13ca63b42540d98ca0c072f134c24babe6d,2,1,Nanowires
9de449bfdfb58661c25b5f621c3708843ad2a615fd6c9ba401dd120e4f4f93ae,2,1,Patterned_surface
9e6bcc4b4fcb394192690e430efeb267490625253efc31f532f0e8cc24e1c0a9,2,1,Tips
9eebdb95c1ddcea30efecd40c52f7ac28208801f8538cb994a1bca9c51efb716,2,1,Tips
9efbbbc1d3149b8a7db05da0a5a05df1a2ede5eb9360fc0a8d9f0459c8319e10,2,1,Patterned_surface
a0c2be3b98811b17fd53c8b2898fa78f4b37d383ffc72935552d671cb861b82b,2,1,Tips
a0d35dede2c5d6f3352d3c3dd395cb8c37cf3fea10180eeecb97c7ae0eef4a4d,2,1,Patterned_surface
a27ea1ec2e84e9afde19a027f6e3a2f009767b27bffb31dc1541486a0e9084fe,2,1,Particles
a4bf671f54d21c6a3a97e9f1d6255ab8f4b362c479eb6018ff991a102c9b098a,2,1,Patterned_surface
a68d641c831b461f17c506b3099d2afc8f6cc9171232fdcdb8de383b59b9ea2f,2,1,Tips
a75fa2f97efd380f4fd09994682e33a2937afaa6db8f47dd5ebe987525957c14,2,1,Nanowires
a78e727bd458a4684d4a18fd20de691f3cda11fd55ca81c6779f30a329c1a474,2,1,Nanowires
a7cabb5b553dd4411ac3f90c21a5c8b5246c4fcd432448355616d4808a8ed62a,2,1,Particles
a908c7b9cee2274151d4732e0cb421b0d9e3a3bff7765a3c51c7eeeb8873d91e,2,1,Patterned_surface
a9171d79087c7d4b4d4f6d15d3e2e8195c34b2f954de70dd5026ccfab0588220,2,1,Patterned_surface
ac53d1072dee9ff8f44cc7dcf157087ef254fe93aa5a440dc0aed95508848f97,2,1,Powder
aebafef6b502a19a706671c77d2ba9e97a71aa939aec8cb16c4fb2b1c721f34c,2,1,Nanowires
afa3f7d68e71539205a9cc8775f967844906f78f4a3ca11737118f05ec1b3a3e,2,1,Particles
b02e2a719c8ea4879288a03f028b0ac2f9254cf952511c0d16adf670403ffd9d,2,1,Particles
b36dce877100332195791d877a262fc22be406ae09130ebe7d1c127f91231b65,2,1,Patterned_surface
b432e8fab61c15ff654b1b2826bb81ba2a20a58d2dc2ba99dbcfc504d01b63ce,2,1,Patterned_surface
b5c8b7e5be1255cf2f532981c12bc05c7f4c64b4d75219249c98c56748930967,3,1,Patterned_surface
b5fba58e7135484fa03f6550a975dd4daf588fd4dc00659019efd14ed080a3b3,2,1,Tips
b60de84ae1b0d191a47bc23ee9c7748fffc7e150ca5e1978905b89b5a85bca9f,2,1,Patterned_surface
b740eba0527ea29b7589d1455a9b992003f42c3650b0c65729c9506bd64bc3eb,2,1,Biological
b96e244390d01d39dbd8c0eb9e7bfe61200f00e27d05fd85f3f88a930245dfbe,2,1,Particles
b9a56ead418e8034564456935a26c5aaddc7f53c4d75dca8c3cea3c49bde836c,2,1,Tips
b9b38d2a16ff1d6b3997e782d575ea1293c0cda5daff44123eee6a447166a053,2,1,Tips
ba22c025bc6cc00e09df61bc3502cac79e0cda28a273156caa79404d860bb883,2,1,Nanowires
bb186ff51230703cf9b6f81af71d6e31c4c3ebccb2d4b6d5e3fe59fbf94d4d96,2,1,Nanowires
bb33e0943adfbb3214ae1b58bc47671b81dc12430165492738d9d8c3bad49f37,2,1,Nanowires
bb5c0620690f794936c4e5a9588c7576ae9aa89b3a21f7c0fbd1b09e7f939c85,2,1,Particles
bc42e2b14ab9dc5c4de4b8e8699f25051822cde77b3c89f79e89b597dc2974d1,2,1,Tips
bd3653fba1e88d9e5cc5ffeb20bdfb443cc648837e2b6fa78ff516cff8b084b7,2,1,Films_Coated_Surface
be28937b435042468aab6a3d12753bc6c89d6729818ac3c77b80d22c77a5fe82,2,1,Particles
be86ad191de50862491f78cb4cb0714e90951b834f7f7e0a8234d7c6c4c85345,2,1,Tips
bebfd50529b59b1345b075939f5b3df4a5f03c0ba0976d2b9b7a4d94fdaef9a5,2,1,Nanowires
c15f1b4bfe4301434856102b2309cc77a3aa417c10c5f2382afb7459cb7ed67c,2,1,Powder
c1a1ca178f1235e1b60f243e7fe5a7b22135f7d5f99fa9d80ece08123a50ecba,2,1,Nanowires
c2a608a345aa7dae79f0521bdcc5274d9397634c43987c29ffb46fa7092d9dab,2,1,Particles
c3219d3df24da9eb998f4fe340fc440a1ecb5b06ab94acb11d2a3e1ff92730d1,2,1,Particles
c3fa1c086cda05e68d65cd1c760cb60824e35b3211f2f7973ad1e36f2428081d,2,1,Nanowires
c4885d405180d6a40754d4fa41f8cbc99fef75bfd03a37724afe271e55c2c567,2,1,Particles
c6a5785023e086c17929b04701d3affe962e877cde1b8e1d4fecf8f2f10b8a57,2,1,Nanowires
c6f0347c42db8ca2a8a5008ec86bbf7b5448d059b4dc5dcaed9d64ae4e88fb24,3,1,Particles
c741fb9f7aa7c9e49355671cc4fbce9ebd6e2ecb63c0613377a7acec0c46e498,2,1,Particles
c7f04b9d5c3f9132ff4138ce2314f1c79466312374b92844f8426496a0f67355,2,1,Patterned_surface
cb050fc58ecb71401a5690edf609718efd2a78892c01664221ce219e80952100,2,1,Patterned_surface
cb3345c0c59948433544ffb80d06d62325773956c8e64768a797ffc798579d10,2,1,Patterned_surface
cb904fca58861c93f4640338de8a1a03337b11666b469c23b2c78df8b139cb4c,2,1,Nanowires
cbc38f6659d3bfeb37e9903ba4f6c3a0e362d63da5d8f9ef3d203de8425a1d55,2,1,Particles
cdc38eda6e4208c051b9d5f829a26d4db709814c9e31dba9975a2b49d6780199,2,1,Patterned_surface
cde83e5be226e098a0526efa42bebdee5632ce0ab9726a672eabb69f54f30885,2,1,Tips
cedb39329ca7cb19d024622b2ba7ecb7e0a31e2604d9046a773bcab7fa552f5a,2,1,Patterned_surface
d01b3286be712b8deb1b29c59b6c48e3222bda35779db2502c89eba2fd9b9ff3,2,1,Particles
d125cbce32a30a1e6a457663c7726070a5ec878525d08f0090f77e86df2348ff,2,1,Nanowires
d18595c6974a75e34933d21bb2aa9368e132a10ad39d654d624bedb2f16686cb,2,1,Particles
d22e724e7e5ec54c6a1ad05e87d00d98e4be88d72761057fc33d25d4cba2362b,2,1,Particles
d2b0219e190f5ef027f71cb33c40794a4214f46e4b7b744d2e0db25f26fb8fd5,2,1,Tips
d34b56674546f279a31973004cacddb8ed645a91be78530512ccfb7a10ff3f1e,2,1,Patterned_surface
d3656bc7b30850eae6e0719e78da17cb15ba01a392418abbf022ccc4fbc91e05,2,1,Tips
d3865704ec3438d6b302cb6a25fdaaa7c47a58b19136c718bfd94dc0f745643b,2,1,Tips
d42a1f6ce1764c2d4784d0ef38238ff859dc8166ce0b986387b950e4ac242bd5,2,1,Particles
d4c51cb791a3a79cd1c084c4e796effa06a982c89c6dd3ea9fbc83862fe74321,3,1,Patterned_surface
d5fe5aba8b61c456093dbd4c6c5d04c3d30a9d4374f6c96fb689867694c79aba,2,1,Powder
d8d3286fb6435d720529d648f4043f30ac490cd524f103eba3438f554e1640b7,2,1,Particles
d94e51b89cc6b9b2bd33a0db8c11fcc8879334fc0325fabd5894028d1ca7c81b,2,1,Nanowires
daff153185436015798734ba8dccff73b68e2c5bcadcf0d46ae3b0a22c9c7676,2,1,Particles
db42244266d0a45289a31e61da3b8a65ec6373c62386974e955f879ae8c31af0,2,1,Nanowires
dbbcb28d674ba611dd3d4507a798b303723f300ce6881cc57014f592b05285ae,2,1,Particles
dd2f768bd29612c51ab020feda851217c3d6df20a95ef4d8155ea1290cb1feb6,2,1,Particles
dd3bec4518b49fd6c90cb000afbd185dae347be717cd7996de80694ac5f8ab58,2,1,Patterned_surface
ded43427fc9c9f6e3f34b81120d779dbc828d4d0e801a58731ef2c8b830e1ffc,2,1,Particles
deff0e8ccd3f105fe7bb4dd9b300084caf0ddae2ef7d60c2f41d8ccde3fb8773,2,1,Patterned_surface
df12d5055e8a2eec540eb7823ef843c073d70359b544d12daa3509252b74393a,2,1,Patterned_surface
e01368b27ee3bac5108692d41c1e87e4a77ecf406df7ce3e0769b7459df2bc17,2,1,Nanowires
e09ef15c5c1a2bed2682e1231663539d1bd7db3ca03ee5b3ed4e317889151447,2,1,Patterned_surface
e1a34e0d6e38ba4a1562127d9f483d215f20f1c4360f1fcf9941dfd9e0282b0e,2,1,Nanowires
e2a74ad88b97eb73df35e875d85216bf4ae3fa9cc86ad4192dd982cae1b01d6f,2,1,Tips
e2bb342c37e7b9b32404fda3268a7901211ed5ce5a94abfef21d8cbf3c5acb69,2,1,Nanowires
e55b6c414ea050e2a24411b5a9216fa3b328b500c55a997f42af887e63f14bfb,2,1,Particles
e5d68a9b91a68906858cc9f0a680a0df4eb8f0bc538890268e676491df068941,2,1,Patterned_surface
e6b54170c80ed657380f538d981e1a18363036c2c7a1e020cb18f3006f66535a,2,1,Biological
e7562e058bc8e25a143f4362cd9052c688958912b8aa79b2b46cff836e2b4205,2,1,Particles
e8669d54d34ff4b2d40b177170dbf0b0338e331a38c66511b6eafc86633d8ac6,2,1,Particles
e977bd4bdf64ead1ce63e8360c43b395a678d4b129c524a8c2bb0be611826729,2,1,Tips
e99a87f385d9436b742859d7dba0c7d4367b16a3e13be05c0d2d7b447f387bd2,2,1,Tips
ebc22fccde492645314d1b5bb52905440d9869afd715d83b3f410ef4ff6d30e8,2,1,Biological
ec029317aa947316f4180b9edd59155e3b0a5f1b47754bfad5f6b850ece71856,2,1,Particles
ec3f7b39532a80b027312812b3e36bbe84edba56a9f36779a22f7e5bae7efec4,2,1,Patterned_surface
ecabb5bdcabd2c5d0ecd39408f4b4f85a8f4798ccd86ecb5be93231f63776d66,2,1,Nanowires
ecb7a6715bc0b40aecd86602a902ed9d458d6f9031da2f8bd61d99b9aafc1051,2,1,Particles
ecb82b7e13ab045c884490acf1f150ba006fe3d001a50eb0eaa18325e977d2a1,2,1,Particles
ed9c9650ed3c1c06749ac1f63b95b1e72fb035b5d2b910ec6f95e195cb07bb1e,2,1,Patterned_surface
edc8012f6d6fc7701093a5911c84582bbde27d401dc08be4df5838688d034346,2,1,Tips
ee65157c26256fdbc2de8bb890a7cd5a60bb06b6e06b134e22efcec0c8fffd2d,2,1,Powder
ef1df6078269e141b4d9386d4dcabbce86a864bc12b19c983b565a7057b4c12b,2,1,Patterned_surface
f10988b3b59b55431a41339106faf4d82de86f3363ae102d0417d9358568f84f,4,1,Patterned_surface
f30042608370c23f6a454e9780d64e5fb57dca37fa396983a20ee5f6054dbf42,2,1,Powder
f354b67b0355bd020a534aa6655345f4d025a5240cbc7cc3e90b884ee7cbf752,2,1,Powder
f3df4e3e0d25400c74703f918e7db16ab59b2c26ea5b66a1bf8e7edf8faeb32d,2,1,Nanowires
f3f1191e75dea49d87e14778235717a749923058d7b6bb0a438b2ef930c6046d,2,1,Porous_Sponge
f5523fd32dec7da24e309446cb7dd3088a8e41a764f9832b998f3fecfed1845a,2,1,Nanowires
f5d808fcaa6cc9803ad82ce217ae092d18faa2c46c487dde264a5af525d4704f,2,1,Particles
f64d0727063f8b43f109cdb946486ad73e42397d8415ef71bb698dbe5af0b797,2,1,Nanowires
f8b314d582f3ef264069106c65d0e57dfd17569ab38b971fa06e32d9ae759e36,2,1,Particles
fbdf2caa7fe4f59bd4708253f543ac34655326f12df1f2654501521752a307fb,2,1,Tips
fbe7d73ef4fc53042e10d2faf9acaafe6a1e9e38a2cc3593846111da2103ffef,2,1,Tips
fc70e751f93bd1746952d2fd2c7d3c419fe529ae170e06ebc843fd77047e96f2,2,1,Powder
fdf22d55b352618fa41fb605eb0495859fe91b2690dddafc6796f5028af12f1f,2,1,Patterned_surface
fe1834536089669e0f4024088fbfae6a6cf508b58069660d1fcb58a7be434769,2,1,Patterned_surface
ffd74cdf6a98e78fa7a554a2070680e772c5b6f063ab03b6bd21da1e0df5e6d8,3,1,Nanowires
