tau,clusters,singletons,images_in_non_singleton,largest,p99_size,mixed_class_clusters,images_in_mixed
0.5,47,40,20797,20783,11224.659999999982,1,20783
0.52,91,79,20758,20733,2076.8999999998823,2,20735
0.54,160,138,20699,20652,3.4099999999999966,2,20655
0.56,254,225,20612,20549,3.469999999999999,3,20554
0.58,398,346,20491,20356,5.029999999999973,2,20358
0.6,607,508,20329,20065,6.0,5,20073
0.62,867,717,20120,19720,6.0,4,19726
0.64,1201,981,19856,19240,6.0,7,19259
0.66,1600,1298,19539,18663,6.009999999999991,8,18688
0.68,2081,1647,19190,17896,6.0,11,17943
0.7,2646,2061,18776,16913,8.0,14,16975
0.72,3259,2513,18324,15392,10.0,20,15491
0.74,3970,3052,17785,12437,11.0,18,12692
0.76,4753,3666,17171,11276,11.0,20,11627
0.78,5631,4387,16450,9908,11.699999999999818,21,10177
0.8,6642,5214,15623,8123,12.0,22,8608
0.82,7689,6122,14715,7151,10.0,14,7355
0.84,8870,7200,13637,6069,9.0,11,6236
0.86,10249,8506,12331,4688,8.0,9,4859
0.88,11707,9876,10961,1752,7.0,10,3543
0.9,13307,11444,9393,1205,6.0,12,2341
0.92,15056,13363,7474,575,5.0,9,383
0.94,16811,15318,5519,295,4.0,2,7
0.96,18452,17363,3474,142,3.0,1,3
0.98,20099,19639,1198,31,2.0,0,0
